{"deviceSizes":[640,750,828,1080,1200,1920,2048,3840],"imageSizes":[32,48,64,96,128,256,384],"path":"/_next/image","loader":"default","loaderFile":"","domains":[],"disableStaticImages":false,"minimumCacheTTL":14400,"formats":["image/webp"],"maximumRedirects":3,"dangerouslyAllowLocalIP":false,"dangerouslyAllowSVG":false,"contentSecurityPolicy":"script-src 'none'; frame-src 'none'; sandbox;","contentDispositionType":"attachment","localPatterns":[{"pathname":"**","search":""}],"remotePatterns":[{"protocol":"https","hostname":"imgcdnmi.dramaboxdb.com"},{"protocol":"https","hostname":"hwztchapter.dramaboxdb.com"}],"qualities":[75],"unoptimized":false,"basePath":"/_ipx","responseHeaders":null}
